time,value
1618266061117,17948.59
1618266064001,17948.809999999998
1618266065816,17948.91
1618266067311,17948.91
1618266069781,17948.91
1618266302893,17947.86
1618266603363,17947.92
1618266902830,17947.95
1618267203345,17938.34
1618267502776,17947.760000000002
1618267803338,17929.94
1618268102809,17948.77
1618268403318,17952.17
1618268702765,17940.11
1618269003210,17941.489999999998
1618269302677,17946.72
1618269603506,17944.77
1618269902980,17945.15
1618270203444,17944.13
1618270502914,17946.89
1618270803433,17949.940000000002
1618271102910,17937.739999999998
1618271403380,17944.98
1618271702905,17944.08
1618272003377,17947.42
1618272302853,17948.379999999997
1618272603340,17947.46
1618272902835,17948.059999999998
1618273203348,17948.02
1618273502841,17947.86
1618273803338,17947.66
1618274102822,17947.699999999997
1618274403300,17947.42
1618274702732,17947.42
1618275003343,17947.42
1618275302798,17947.42
1618300802600,17987.620000000003
1618301103112,17975.47
1618301402570,18021.65
1618301703102,17992.260000000002
1618302002634,17997.89
1618302303151,17991.84
1618302602628,18001.02
1618302903094,18000.95
1618303202573,18006.99
1618303503060,18005.48
1618303802577,18025.04
1618304103053,18025.02
1618304402518,18023.9
1618304703003,18013.96
1618305002496,18017.48
1618305302976,18037.36
1618305603475,18035.23
1618305902953,18026.75
1618306203423,18013.739999999998
1618306502903,18005.44
1618306803411,18012.23
1618307102944,18012.25
1618307403420,18022.09
1618307702925,18026.989999999998
1618308003425,18022.13
1618308302896,18020.57
1618308603367,18017.28
1618308902839,18011.74
1618309203309,18010.82
1618309502816,18011.84
1618309803361,18002
1618310102836,18002.02
1618310403327,18003.38
1618310702813,18014.36
1618311003316,18006.03
1618311302808,18002.12
1618311603327,17991.6
1618311902795,17938.97
1618312203292,17896.57
1618312502794,17892.73
1618312803269,17893.07
1618313102708,17893.39
1618313403234,17886.18
1618313702762,17888.760000000002
1618314003195,17897.73
1618314302632,17885.23
1618314603154,17885.760000000002
1618314902642,17872.15
1618315203102,17876.31
1618315502559,17859.87
1618315803004,17868.739999999998
1618316102473,17878.09
1618316402940,17879.37
1618316703366,17885.78
1618317002871,17879.33
1618317303385,17943.41
1618317602830,17958.25
1618317904002,17980.760000000002
1618318202502,17968.059999999998
1618318502920,17969.08
1618318802536,18022.67
1618319102733,18003.85
1618319403366,18007.35
1618319702914,17997.559999999998
1618320003486,18000.66
1618320303049,17998.93
1618320602661,18001.67
1618320904300,18040.71
1618321202871,18071.67
1618321503426,18011.67
1618321802980,18027.54
1618322103643,18070.57
1618322403237,18033.55
1618322702779,17990.41
1618323003471,17993.46
1618323303138,17998.28
1618323602740,17993.38
1618323903270,18020.31
1618324202797,18080.57
1618324503374,18087.69
1618324803066,18055.32
1618325102606,18124.16
1618325403182,18126.5
1618325702749,18130.58
1618326003386,18150.5
1618326302885,18160.17
1618326603399,18147.46
1618326903006,18125.77
1618327203495,18097.73
1618327503004,18062.47
1618327802592,18069.94
1618328103182,18100.95
1618328402774,18067.670000000002
1618328703334,18078.19
1618329002953,18056.03
1618329303554,18069.21
1618329603086,18087.42
1618329902660,18086.58
1618330203260,18086.16
1618330502816,18091.98
1618330803451,18103.2
1618331103023,18094.18
1618331402603,18096.199999999997
1618331703219,18091.94
1618332002770,18088.58
1618332303299,18068.82
1618332602918,18060.19
1618332903482,18075.64
1618333203045,18061.52
1618333502585,18093.739999999998
1618333803110,18109.39
1618334102741,18110.17
1618334403335,18109.010000000002
1618334702853,18120
1618335003563,18131.71
1618335303193,18143.89
1618335602835,18153.6
1618335903715,18158.81
1618336203252,18162.17
1618336502841,18156.46
1618336803461,18175.07
1618337103433,18166.11
1618337403320,18179.53
1618337702892,18210.17
1618338003565,18192.32
1618338303140,18208.25
1618338602709,18221.92
1618338903273,18244.96
1618339202893,18228.07
1618339503482,18233.59
1618339803101,18251.010000000002
1618340102700,18255.91
1618340403338,18274.17
1618340702926,18289.4
1618341003529,18318.25
1618341303182,18319.46
1618341602841,18336.03
1618341904001,18334.48
1618342202688,18341.72
1618342503240,18315.45
1618342802900,18301.79
1618343103494,18316.64
1618343403191,18320.72
1618343702864,18319.54
1618344003824,18326.93
1618344303368,18327.53
1618344602935,18323.489999999998
1618344903422,18325.07
1618345202966,18326.75
1618345503511,18323.760000000002
1618345803013,18323.9
1618346102653,18320.36
1618346403231,18320.379999999997
1618346702712,18318.010000000002
1618347003128,18308.18
1618347302647,18305.41
1618347603198,18301.21
1618347902709,18296.61
1618348203215,18300.96
1618348502780,18298.96
1618348803259,18297.81
1618349102699,18304.65
1618349403238,18301.47
1618349702703,18298.09
1618350003180,18301.16
1618350302612,18301.03
1618350603085,18299.62
1618350902578,18301.28
1618351203043,18300.08
1618351502537,18300.73
1618351802956,18298.83
1618352103415,18297.38
1618352402928,18301.33
1618352703443,18300.21
1618353002915,18301.98
1618353303424,18303.24
1618353602968,18304.440000000002
1618353903467,18301.38
1618354202935,18303.97
1618354503377,18301.18
1618354802909,18305.78
1618355103439,18309.59
1618355402921,18309.82
1618355703445,18308.12
1618356002962,18308.82
1618356303389,18307.47
1618356602845,18306.43
1618356903330,18308.15
1618357203771,18314.59
1618357503251,18315.65
1618357802738,18315.21
1618358103234,18321.85
1618358402682,18317.68
1618358703212,18317
1618359002673,18317.48
1618359303180,18317.48
1618359602657,18317.16
1618359903226,18317.08
1618360202699,18317.16
1618360503179,18317.24
1618360802690,18317.36
1618361103139,18317.6
1618361402621,18317.6
1618361703115,18317.6
1618387203183,18362.45
1618387502668,18409.46
1618387803175,18436.120000000003
1618388102654,18428.28
1618388403177,18428.46
1618388702610,18434.92
1618389003110,18435.61
1618389302587,18447.64
1618389603158,18447.62
1618389902597,18441.11
1618390203052,18437.02
1618390502503,18433.37
1618390802975,18442.14
1618391103445,18443.309999999998
1618391402866,18448.739999999998
1618391703434,18448.24
1618392002891,18448.489999999998
1618392303393,18439.35
1618392602841,18435.87
1618392903367,18425.85
1618393202840,18437.2
1618393503277,18444.28
1618393802820,18442.62
1618394103247,18454.22
1618394402736,18445.18
1618394703200,18443.129999999997
1618395002733,18440.22
1618395303210,18442.86
1618395602752,18441.46
1618395903194,18436.29
1618396202651,18433.22
1618396503137,18431.3
1618396802682,18433.239999999998
1618397103244,18435.52
1618397402680,18432.55
1618397703141,18424.75
1618398002674,18424.64
1618398303128,18446.239999999998
1618398602614,18446.88
1618398903090,18442.67
1618399202595,18446.83
1618399503034,18451.370000000003
1618399802513,18457.94
1618400103046,18463.21
1618400402578,18480.73
1618400703062,18486.89
1618401002590,18495.45
1618401303045,18496.4
1618401602558,18495.02
1618401903053,18480.739999999998
1618402202503,18488.9
1618402503038,18488.57
1618402802579,18487.46
1618403103053,18487.77
1618403402487,18491.01
1618403702934,18487.23
1618404003409,18479.21
1618404302890,18482.9
1618404603375,18465.440000000002
1618404903104,18452.57
1618405202990,18412.96
1618405502495,18419.2
1618405803174,18428.82
1618406102811,18414.94
1618406403436,18387.55
1618406703298,18388.64
1618407002935,18357.86
1618407302927,18355.36
1618407603532,18398.93
1618407903143,18387.94
1618408202787,18362.88
1618408505280,18346.87
1618408803656,18381.129999999997
1618409103509,18352.73
1618409403132,18364.37
1618409702694,18348.11
1618410003364,18303.120000000003
1618410302964,18275.32
1618410602627,18219.58
1618410903149,18257.699999999997
1618411202843,18229.43
1618411503505,18275.18
1618411803061,18337.16
1618412102595,18323.489999999998
1618412403152,18304.99
1618412702915,18269.57
1618413003530,18280.93
1618413303141,18248.04
1618413602659,18203.99
1618413903301,18174.54
1618414202889,18222.9
1618414503409,18184.04
1618414802963,18218.83
1618415103845,18237.13
1618415403466,18252.75
1618415703989,18256.83
1618416003501,18271.09
1618416303153,18215.870000000003
1618416602696,18230.7
1618416903232,18240.87
1618417202793,18308.629999999997
1618417503419,18305.14
1618417802983,18281.03
1618418103565,18280.9
1618418403134,18294.67
1618418703122,18302.32
1618419002675,18304.739999999998
1618419303262,18284.23
1618419602918,18270.64
1618419903484,18224.57
1618420203222,18238.08
1618420502842,18225.91
1618420803395,18249.489999999998
1618421102968,18254.69
1618421402547,18186.18
1618421703085,18142.53
1618422002586,18153.010000000002
1618422303340,18115.08
1618422602913,18153.73
1618422903482,18126.36
1618423203094,18042.03
1618423502879,18053.41
1618423803647,17933.059999999998
1618424103241,18019.68
1618424402964,18037.02
1618424703664,18087.15
1618425003255,18097.11
1618425302822,18027.690000000002
1618425603449,18046.27
1618425903527,18083.15
1618426203121,18034.260000000002
1618426502979,17977.41
1618426803726,17945.18
1618427103309,17907.46
1618427402874,17864.41
1618427703642,17932.83
1618428003297,17944.62
1618428303015,17980.74
1618428602599,17958.18
1618428903363,17954.09
1618429203095,17921
1618429502654,17916.45
1618429803251,17892.64
1618430102926,17883.58
1618430402557,17908.61
1618430703107,17926.06
1618431003442,17923.22
1618431303018,17928.88
1618431603025,17938.78
1618431902533,17932.78
1618432203096,17937.239999999998
1618432502551,17940.13
1618432803125,17936.75
1618433102718,17932.97
1618433403235,17931.2
1618433702727,17931.33
1618434003261,17939.54
1618434302807,17945.54
1618434603394,17943.77
1618434902881,17951.78
1618435203372,17954.21
1618435502787,17955.71
1618435803385,17962.45
1618436102913,17962.97
1618436402532,17966.64
1618436703102,17970.46
1618437002694,17977.829999999998
1618437303156,17980.18
1618437602681,17984.35
1618437903236,17981.68
1618438202755,17977.420000000002
1618438503213,17972.69
1618438802733,17978.31
1618439104086,17977.14
1618439402567,17975.17
1618439703111,17983.510000000002
1618440002671,17995.1
1618440303250,17991.96
1618440602730,17986.71
1618440903184,17985.54
1618441202873,17984.690000000002
1618441503336,17984.3
1618441802789,17984.44
1618442103475,17983.73
1618442402925,17983.27
1618442703446,17982.07
1618443002886,17980.46
1618443303357,17973.96
1618443603062,17973.86
1618443902587,17970.57
1618444203021,17968.82
1618444502502,17974.75
1618444803047,17958.19
1618445102514,17959.19
1618445403237,17961.23
1618445702784,17960.91
1618446003310,17961.19
1618446302817,17960.15
1618446602515,17960.75
1618446903113,17960.47
1618447202710,17961.27
1618447503345,17961.11
1618447802875,17961.23
1618448103325,17961.35
1618473603154,18055.32
1618473902638,18081.28
1618474203080,18068.55
1618474502606,18076.34
1618474803107,18064.75
1618475102635,18032
1618475403134,18035.53
1618475702594,18038.77
1618476003125,18039.24
1618476302576,18042.56
1618476603097,18032.71
1618476902610,18040.99
1618477203124,18046.199999999997
1618477502570,18061
1618477803067,18055.89
1618478102599,18058.31
1618478403134,18057.09
1618478702559,18065.260000000002
1618479003042,18067.72
1618479302792,18062.59
1618479603275,18065.7
1618479902706,18095.14
1618480203192,18093.52
1618480502681,18073.32
1618480803202,18073.1
1618481102653,18066.89
1618481403097,18072.39
1618481702651,18076.190000000002
1618482003101,18075.96
1618482302536,18075.97
1618482602998,18077.27
1618482902467,18081.2
1618483202954,18066.04
1618483503491,18059.190000000002
1618483802947,18066.32
1618484103392,18062.940000000002
1618484402920,18072.52
1618484703384,18051.809999999998
1618485002824,18046.5
1618485303340,18040.190000000002
1618485602884,18043.120000000003
1618485903423,18054.11
1618486202929,18059.239999999998
1618486503371,18054.81
1618486802851,18062.670000000002
1618487103378,18054.64
1618487402994,18071.239999999998
1618487702510,18062.62
1618488003271,18070.57
1618488302816,18099.550000000003
1618488603321,18105.39
1618488902801,18123.13
1618489203324,18143.64
1618489502838,18130.24
1618489803344,18123.77
1618490102879,18146.28
1618490403449,18155.22
1618490703020,18150.71
1618491002480,18141.74
1618491302985,18133.629999999997
1618491603450,18134.25
1618491903020,18113.93
1618492202501,18107.690000000002
1618492503230,18113.18
1618492802827,18102.65
1618493103350,18084.8
1618493403047,18112
1618493703076,18027.190000000002
1618494002799,18042.22
1618494303351,18025.16
1618494603014,18011.7
1618494902752,18027.49
1618495203299,18006.77
1618495502913,17958.72
1618495803541,17956.99
1618496103214,17973.66
1618496402799,17938.43
1618496703636,17962.82
1618497003225,17979.72
1618497302754,17964.29
1618497603528,17927.690000000002
1618497903246,17957.37
1618498202798,17929.93
1618498503426,17940.66
1618498803169,17934.82
1618499102766,17895.29
1618499403359,17907.28
1618499702939,17882.02
1618500003584,17830.2
1618500305350,17809.58
1618500603015,17794.91
1618500902669,17788.46
1618501203298,17829.98
1618501502876,17839.21
1618501803163,17849.85
1618502102968,17855.89
1618502403493,17831.78
1618502703081,17787.96
1618503002739,17791.559999999998
1618503303431,17795.440000000002
1618503603036,17780.35
1618503902677,17810.09
1618504203344,17791.12
1618504502980,17789.64
1618504802517,17763.73
1618505103148,17766.079999999998
1618505403403,17747.62
1618505703203,17742.04
1618506002822,17757.79
1618506303439,17740.41
1618506603038,17695.92
1618506902610,17673.01
1618507203391,17663.82
1618507503039,17673.13
1618507802655,17696.239999999998
1618508103145,17740.04
1618508402772,17753.55
1618508703322,17785.82
1618509002929,17774.71
1618509302848,17805
1618509603516,17852.39
1618509903122,17871.71
1618510202704,17834.05
1618510503341,17808.920000000002
1618510802984,17831.629999999997
1618511103626,17852.28
1618511403147,17871.21
1618511702672,17836.18
1618512003286,17852.08
1618512302995,17848.989999999998
1618512602573,17829.82
1618512903319,17834.13
1618513202923,17826.47
1618513503589,17876.09
1618513803144,17855.23
1618514102881,17815.46
1618514403481,17811.77
1618514703009,17788.329999999998
1618515003524,17758.95
1618515303151,17787.27
1618515602737,17788.76
1618515903362,17816.949999999997
1618516203112,17821.4
1618516502802,17830.2
1618516803373,17851.82
1618517102945,17851.08
1618517403920,17852.9
1618517703502,17850.989999999998
1618518003413,17856.72
1618518302901,17855.28
1618518603514,17854.28
1618518903031,17857.04
1618519202511,17846.67
1618519503074,17840.13
1618519802912,17835.05
1618520102619,17835.48
1618520403212,17824.77
1618520702737,17814.05
1618521003353,17816.379999999997
1618521302877,17819.72
1618521603406,17815.82
1618521902910,17820.19
1618522202473,17819.32
1618522502941,17819.15
1618522802596,17824.55
1618523103167,17825.21
1618523402628,17826.68
1618523703145,17830.73
1618524002654,17840.91
1618524303153,17839.48
1618524602626,17844.47
1618524903280,17846.39
1618525202831,17851.21
1618525503369,17854.61
1618525802861,17856.93
1618526103409,17857.99
1618526402987,17852.05
1618526703457,17853.16
1618527002967,17847.84
1618527302581,17853.07
1618527603040,17854.05
1618527902583,17852.89
1618528203207,17853.7
1618528504200,17853.64
1618528802778,17854.16
1618529103260,17851.67
1618529402990,17848.11
1618529702510,17849.32
1618530003116,17849.62
1618530302560,17847.35
1618530603111,17850.28
1618530902544,17847.22
1618531203171,17854.78
1618531502808,17854.9
1618531803340,17854.9
1618532102821,17854.9
1618532403318,17854.9
1618532702935,17853.9
1618533003398,17854.38
1618533302976,17854.38
1618533603506,17854.38
1618533902989,17854.5
1618534202639,17854.06
1618534503192,17854.14
1618560003046,17829.86
1618560302505,17801.420000000002
1618560603020,17812.24
1618560902447,17816.04
1618561202999,17804.76
1618561502458,17803.92
1618561802942,17815.08
1618562103367,17798.559999999998
1618562402826,17804.24
1618562703333,17807.04
1618563002803,17804.38
1618563303370,17807.18
1618563602803,17809.370000000003
1618563903433,17813.66
1618564202894,17812.33
1618564503366,17803.559999999998
1618564802933,17806.21
1618565103367,17794.86
1618565402861,17792.47
1618565703415,17801.83
1618566002893,17805.22
1618566303382,17812.36
1618566602833,17810.35
1618566903291,17813.14
1618567202740,17814.05
1618567503269,17810.67
1618567802664,17815.42
1618568103122,17810.14
1618568402631,17807.47
1618568703092,17800.82
1618569002574,17809.44
1618569303017,17804.57
1618569602474,17793.03
1618569902965,17802.03
1618570202481,17800.47
1618570502966,17803.57
1618570803440,17796.949999999997
1618571102905,17809.870000000003
1618571403350,17807.96
1618571702922,17823.85
1618572003439,17824.059999999998
1618572302937,17819.239999999998
1618572602593,17822.88
1618572903077,17824.14
1618573202607,17821.96
1618573503107,17819.75
1618573802624,17820.63
1618574103082,17818.18
1618574402592,17815.71
1618574703127,17826.23
1618575002610,17825.07
1618575303062,17832.75
1618575602526,17842.77
1618575903046,17830.66
1618576202524,17844.46
1618576503132,17857.4
1618576802579,17853.96
1618577103092,17842.35
1618577402556,17838.93
1618577703127,17839.96
1618578003593,17831.21
1618578303247,17790.35
1618578602735,17780.13
1618578903238,17755.16
1618579202897,17741.64
1618579504111,17741.45
1618579802694,17688.2
1618580103352,17602.16
1618580403050,17557.829999999998
1618580702631,17597.54
1618581003955,17637.41
1618581303519,17552.77
1618581603320,17561.56
1618581902892,17593.35
1618582202655,17644.17
1618582503290,17673.260000000002
1618582802825,17677.64
1618583102628,17710.42
1618583403274,17711.66
1618583702953,17688.120000000003
1618584002572,17709.36
1618584303463,17748.44
1618584603988,17791.190000000002
1618584903629,17795.9
1618585203182,17731.190000000002
1618585502829,17743.190000000002
1618585803413,17737.46
1618586103066,17706.87
1618586402659,17704.7
1618586703314,17729.92
1618587002841,17717.47
1618587303552,17732.1
1618587603103,17731.02
1618587902736,17730.739999999998
1618588203392,17722.67
1618588503030,17722.6
1618588802674,17727.21
1618589103313,17722.73
1618589402981,17718.68
1618589703535,17718.33
1618590003260,17726.23
1618590303042,17738.079999999998
1618590602707,17736.6
1618590903298,17735.57
1618591203026,17738.36
1618591502870,17760.1
1618591803469,17760.18
1618592103057,17738.81
1618592402570,17742.41
1618592703305,17727.21
1618593003228,17721.6
1618593302964,17700.19
1618593602570,17716.25
1618593903212,17714.559999999998
1618594203018,17716.97
1618594502639,17706.420000000002
1618594803290,17722.67
1618595103579,17732.3
1618595403175,17714.699999999997
1618595702874,17713.13
1618596003461,17691.69
1618596303291,17710.59
1618596603015,17710.94
1618596902592,17692.71
1618597203291,17703.28
1618597502981,17709.22
1618597803605,17735.76
1618598103337,17747.199999999997
1618598403060,17735.72
1618598702698,17735.34
1618599003167,17745.92
1618599302860,17759.94
1618599604261,17784.32
1618599902834,17774.03
1618600203280,17769.010000000002
1618600502986,17774.440000000002
1618600802544,17773.69
1618601103125,17764.47
1618601402694,17769.48
1618601703436,17767.46
1618602002998,17768.67
1618602302546,17756.8
1618602603166,17761.190000000002
1618602902706,17749.6
1618603203236,17750.65
1618603502746,17750.95
1618603803281,17749.3
1618604102745,17741.55
1618604403320,17742.739999999998
1618604702742,17740.4
1618605003212,17740.489999999998
1618605302664,17743.15
1618605603193,17744.09
1618605902781,17746.48
1618606203195,17746.99
1618606502868,17745.04
1618606804307,17744.73
1618607102725,17749.31
1618607403194,17746.9
1618607702679,17747.95
1618608002897,17747.64
1618608303328,17748.91
1618608602738,17747.39
1618608903337,17743.73
1618609202762,17742.5
1618609503286,17742.42
1618609802766,17740.64
1618610103202,17741.88
1618610402776,17743.36
1618610703260,17742.57
1618611002731,17743.27
1618611303188,17743.21
1618611602659,17741.95
1618611903299,17745.24
1618612202710,17742.2
1618612503169,17742
1618612802766,17742.72
1618613103182,17741.239999999998
1618613402694,17740.19
1618613703199,17742.82
1618614002710,17743.25
1618614303224,17742.760000000002
1618614602712,17740.13
1618614903295,17742.48
1618615202881,17743.78
1618615503433,17742.6
1618615803005,17737.73
1618616102448,17731.98
1618616403078,17735.68
1618616702594,17742.14
1618617003154,17733.989999999998
1618617302688,17741.82
1618617603230,17746.510000000002
1618617902738,17746.510000000002
1618618203416,17746.510000000002
1618618502874,17746.510000000002
1618619102512,17746.510000000002
1618619403054,17746.510000000002
1618619702580,17746.510000000002
1618620003164,17746.510000000002
1618620302641,17746.510000000002
1618620603282,17746.510000000002
1618620902764,17746.510000000002
1618819202600,17717.36
1618819503177,17695.86
1618819802695,17705.68
1618820103320,17689.23
1618820402818,17682.489999999998
1618820703296,17688.36
1618821002822,17685.449999999997
1618821303274,17690.28
1618821602772,17697.59
1618821903252,17700.05
1618822202772,17703.75
1618822503347,17694.37
1618822802791,17696.52
1618823103285,17695.77
1618823402822,17681.57
1618823703271,17685.15
1618824002739,17682.07
1618824303239,17687.940000000002
1618824602731,17677.56
1618824903267,17688.510000000002
1618825202721,17688.129999999997
1618825503150,17685.29
1618825802716,17691.86
1618826103282,17698.84
1618826403424,17695.11
1618826702978,17693.24
1618827003500,17689.17
1618827302966,17690.11
1618827603430,17694.46
1618827903001,17685.97
1618828202494,17698.97
1618828503308,17697.059999999998
1618828802811,17673.47
1618829103297,17653.54
1618829402916,17645.489999999998
1618829703369,17652.550000000003
1618830002951,17678.1
1618830303398,17643.65
1618830602858,17653.04
1618830903323,17647.22
1618831202972,17638.76
1618831503454,17638.91
1618831802901,17623.64
1618832102584,17617.239999999998
1618832403062,17619.23
1618832702499,17612.02
1618833003037,17603.11
1618833302494,17594.43
1618833603010,17599.33
1618833902614,17591.97
1618834203100,17583.870000000003
1618834502580,17579.38
1618834803122,17600.66
1618835102593,17595.19
1618835403088,17593.19
1618835702538,17588.14
1618836003079,17588.14
1618836302655,17579.739999999998
1618836603114,17583.71
1618836902616,17597.81
1618837203144,17590
1618837502653,17590.51
1618837803150,17592.64
1618838102721,17576.02
1618838403242,17573.760000000002
1618838702950,17581.47
1618839003536,17566
1618839303148,17577.67
1618839602740,17610.47
1618839903380,17610.170000000002
1618840203144,17606.11
1618840502762,17634.34
1618840803738,17622.79
1618841103458,17503.16
1618841403731,17487.84
1618841703381,17499.57
1618842003101,17471.06
1618842302673,17514.45
1618842603300,17479.89
1618842902906,17457.449999999997
1618843203622,17411.91
1618843503174,17364.34
1618843802885,17329.2
1618844103430,17394.22
1618844403000,17378.32
1618844702629,17355.4
1618845003332,17358.86
1618845302831,17395.75
1618845603587,17406.9
1618845903184,17368.07
1618846202726,17391.74
1618846503541,17350.68
1618846803120,17370.14
1618847102612,17319.73
1618847403302,17312.059999999998
1618847702820,17339.04
1618848003383,17310.7
1618848302885,17284.11
1618848604135,17323.91
1618848903072,17339.41
1618849202729,17350.71
1618849503312,17364.27
1618849802992,17322.93
1618850102540,17297.02
1618850403129,17314.29
1618850702641,17297.5
1618851003351,17298.95
1618851302866,17305.879999999997
1618851603480,17300.29
1618851903168,17330.29
1618852202874,17339.71
1618852503408,17375.33
1618852803021,17359.53
1618853102565,17351.14
1618853403139,17344.75
1618853702845,17344.71
1618854003422,17384.32
1618854303259,17368.239999999998
1618854602965,17382.53
1618854903491,17375.190000000002
1618855203302,17382.89
1618855502868,17416.059999999998
1618855803341,17407.23
1618856103047,17430.43
1618856402581,17438.629999999997
1618856703110,17452.010000000002
1618857002670,17428.31
1618857303255,17417.64
1618857603059,17370.379999999997
1618857902519,17395.23
1618858203285,17421.85
1618858502845,17431.96
1618858803623,17426.16
1618859103222,17424.78
1618859402635,17428.16
1618859703165,17420.07
1618860002959,17409.29
1618860303398,17404.54
1618860603979,17428.63
1618860903501,17423.84
1618861203331,17423.77
1618861502964,17444.64
1618861803598,17424.25
1618862103205,17441.04
1618862402734,17467.760000000002
1618862703266,17461.39
1618863002886,17462.54
1618863303391,17464.239999999998
1618863602845,17468.59
1618863903381,17474.84
1618864202866,17474.55
1618864503391,17475.559999999998
1618864802946,17479.02
1618865103418,17477.34
1618865403058,17476.47
1618865702512,17473.78
1618866003288,17472.239999999998
1618866302789,17474.96
1618866603277,17480.65
1618866902878,17481.99
1618867203372,17492.22
1618867502945,17515.03
1618867803409,17528.83
1618868102926,17531.65
1618868402464,17543.92
1618868702957,17536.309999999998
1618869002442,17530.81
1618869303079,17520.33
1618869602631,17522.41
1618869903148,17520.89
1618870202622,17519.059999999998
1618870503182,17521.74
1618870802703,17519.82
1618871103196,17521.01
1618871402739,17523.58
1618871703212,17514.83
1618872002689,17519.88
1618872303239,17515.38
1618872602746,17509.27
1618872903303,17513.71
1618873202801,17515.06
1618873503372,17513.59
1618873802952,17514.3
1618874103418,17515.760000000002
1618874403099,17513.3
1618874702594,17515.77
1618875003246,17515.13
1618875302768,17496.78
1618875603288,17496.98
1618875902737,17501.38
1618876203227,17502.15
1618876502774,17500.42
1618876803292,17485.72
1618877102833,17486.04
1618877403324,17486.04
1618877702812,17486.32
1618878003343,17486.32
1618878302967,17485.24
1618878602539,17485.24
1618878902965,17486.04
1618879202521,17486.04
1618879503170,17485.24
1618879802621,17485.440000000002
1618880103174,17485.64
1618905602996,17487.73
1618905902545,17500.37
1618906203026,17515.21
1618906502499,17537.83
1618906803030,17534.239999999998
1618907102477,17538.47
1618907402989,17541.23
1618907702486,17525.77
1618908003010,17518.45
1618908302461,17518.73
1618908602999,17534.510000000002
1618908902464,17533.809999999998
1618909202986,17525.879999999997
1618909502552,17521.74
1618909803166,17515.17
1618910102621,17505.81
1618910403142,17499.77
1618910702684,17486.079999999998
1618911003225,17469.329999999998
1618911302731,17449.04
1618911603179,17440.46
1618911902649,17432.12
1618912203163,17425.59
1618912502646,17424.53
1618912803171,17422.17
1618913102704,17420.449999999997
1618913403215,17408.45
1618913702697,17407.48
1618914003171,17419.96
1618914302699,17414.25
1618914603187,17428.43
1618914902655,17439.29
1618915203182,17453.809999999998
1618915502677,17434.64
1618915803183,17440.5
1618916102723,17444.55
1618916403230,17445.45
1618916702768,17432.82
1618917003247,17432
1618917302692,17440.68
1618917603152,17431.690000000002
1618917902714,17429.620000000003
1618918203254,17427.09
1618918502735,17440.56
1618918803256,17428.63
1618919102693,17449.96
1618919403206,17446.32
1618919702728,17456.3
1618920003290,17453.5
1618920302876,17456.45
1618920603383,17447.67
1618920902856,17447.91
1618921203407,17446.800000000003
1618921502846,17432.2
1618921803370,17432.190000000002
1618922102911,17427.25
1618922403431,17430.809999999998
1618922702985,17431
1618923003559,17435.84
1618923303128,17439.55
1618923602706,17429.53
1618923903212,17432.52
1618924202752,17453.79
1618924503245,17455.78
1618924802891,17463.39
1618925103483,17481.61
1618925403094,17459.63
1618925702753,17425.45
1618926003362,17453.27
1618926302954,17503.72
1618926603559,17529.45
1618926903232,17510.45
1618927202933,17497.09
1618927502606,17480.06
1618927803335,17496.67
1618928103309,17469.96
1618928402906,17493.71
1618928703558,17475.38
1618929003203,17469.059999999998
1618929302848,17410.28
1618929603469,17356.68
1618929903107,17277.55
1618930202764,17279.45
1618930503342,17226.95
1618930802962,17270.22
1618931102651,17276.77
1618931403364,17293.629999999997
1618931703104,17227.39
1618932002779,17132.28
1618932303560,17106.41
1618932603077,17123.73
1618932903012,17133.9
1618933202680,17095.79
1618933503328,17138.79
1618933803025,17174.57
1618934102512,17209.27
1618934403243,17202.67
1618934702884,17212.39
1618935003598,17203.04
1618935303220,17235.18
1618935603012,17224.34
1618935902508,17207.940000000002
1618936203336,17187.71
1618936502881,17150.78
1618936803507,17144.04
1618937103012,17124.370000000003
1618937402771,17130.39
1618937703383,17109.91
1618938002967,17152.89
1618938303397,17140.39
1618938603065,17126.22
1618938902586,17127.69
1618939203194,17146.18
1618939502897,17093.4
1618939803582,17113.77
1618940103088,17115.33
1618940402615,17132.04
1618940703156,17120.510000000002
1618941002745,17142.559999999998
1618941303258,17159.52
1618941602795,17163.98
1618941903395,17154.04
1618942202875,17128.11
1618942503431,17119.7
1618942803007,17123.12
1618943102556,17133.77
1618943403081,17101.02
1618943703733,17078.19
1618944003245,17081.949999999997
1618944302841,17102.59
1618944603507,17099.93
1618944903012,17083.57
1618945202559,17062.07
1618945503099,17111.989999999998
1618945802647,17141.09
1618946103379,17142.85
1618946403003,17121.620000000003
1618946702548,17135.72
1618947003181,17166.55
1618947302780,17189.449999999997
1618947603328,17175.97
1618947903113,17211.11
1618948202707,17195.96
1618948503222,17212.16
1618948802937,17202.440000000002
1618949103493,17189.07
1618949403222,17181.29
1618949702774,17182.27
1618950003387,17181.239999999998
1618950302845,17177.73
1618950603521,17169.260000000002
1618950903063,17173.3
1618951202550,17178.59
1618951503262,17177.73
1618951802753,17175.96
1618952103231,17177.29
1618952402713,17172.03
1618952703219,17164.59
1618953002641,17142.6
1618953303102,17148.72
1618953602643,17149.56
1618953903120,17149.57
1618954202605,17143.739999999998
1618954503192,17153.46
1618954802713,17156.760000000002
1618955103236,17155.690000000002
1618955402661,17155.58
1618955703241,17148.94
1618956002719,17152.699999999997
1618956303200,17152.31
1618956602676,17151.47
1618956903116,17152.68
1618957202633,17154.11
1618957503092,17155.85
1618957802539,17155.59
1618958102976,17153.51
1618958402517,17153.86
1618958702979,17154.32
1618959002491,17149.46
1618959302966,17148.9
1618959602438,17147.47
1618959903013,17148.87
1618960202496,17145.6
1618960503129,17141.84
1618960802654,17140.67
1618961103206,17136.989999999998
1618961402651,17139.16
1618961703138,17135.67
1618962002745,17131.21
1618962303160,17133.05
1618962602613,17136.35
1618962903040,17135.13
1618963202698,17121.53
1618963503178,17122.25
1618963802635,17122.25
1618964103179,17122.29
1618964402747,17122.09
1618964703270,17122.09
1618965002719,17121.89
1618965303221,17122.25
1618965602822,17122.29
1618965903288,17122.33
1618966202884,17122.25
1618966503486,17122.25
1618992003321,17141
1618992302789,17148.6
1618992603324,17142.25
1618992902916,17146.05
1618993203458,17152.72
1618993502904,17155.97
1618993803494,17157.08
1618994102953,17172.11
1618994403452,17178.67
1618994702905,17170.87
1618995002542,17177.5
1618995303039,17179.97
1618995602525,17171.25
1618995903112,17169.97
1618996202576,17174.8
1618996503084,17175.120000000003
1618996802555,17175.97
1618997103071,17183.75
1618997402575,17187.33
1618997703014,17184.35
1618998002572,17180.13
1618998303032,17178.4
1618998602648,17187.41
1618998903128,17186.04
1618999202613,17183.79
1618999503235,17176
1618999802722,17174.4
1619000103394,17172.870000000003
1619000402926,17179.06
1619000703457,17180.84
1619001002919,17174.75
1619001303429,17172.77
1619001602890,17169.77
1619001904387,17175.39
1619002202867,17178.2
1619002503344,17180.85
1619002802831,17163.52
1619003103327,17166.04
1619003402810,17173.5
1619003703269,17168.190000000002
1619004002774,17172.2
1619004303278,17171.08
1619004602806,17155.91
1619004903317,17159.07
1619005202808,17158.54
1619005503343,17154.6
1619005802825,17146.45
1619006103387,17146.94
1619006402927,17144.05
1619006703418,17140.68
1619007002928,17135
1619007303395,17129.72
1619007603028,17118.36
1619007902490,17114.29
1619008203193,17103.94
1619008502728,17094.739999999998
1619008803273,17080.32
1619009102721,17093.989999999998
1619009403319,17095.11
1619009702904,17085.059999999998
1619010003411,17086.19
1619010302910,17097.39
1619010604333,17101.7
1619010902865,17094.82
1619011203406,17082.78
1619011502851,17068.37
1619011803577,17014.670000000002
1619012103104,17043.57
1619012402838,16995.03
1619012703526,17025.190000000002
1619013003125,17143.54
1619013303102,17168.84
1619013602846,17197.39
1619013903406,17230.83
1619014202997,17228.15
1619014502667,17273.16
1619014803386,17238.66
1619015103000,17315.27
1619015402810,17338.14
1619015703474,17336.58
1619016003148,17367.46
1619016302747,17408.93
1619016603332,17403.83
1619016902955,17368.89
1619017203564,17348.73
1619017503183,17391.739999999998
1619017802719,17396.07
1619018103323,17421.48
1619018403092,17452.59
1619018702695,17439.8
1619019003289,17398.190000000002
1619019303240,17424.77
1619019602780,17392.239999999998
1619019903368,17433.74
1619020202944,17466.64
1619020503610,17472.34
1619020803169,17499.13
1619021102782,17502.47
1619021403333,17505.98
1619021702929,17489.9
1619022002581,17564.75
1619022303397,17542.53
1619022603053,17557.14
1619022902842,17554.79
1619023203564,17582.36
1619023503106,17529.64
1619023802656,17506.05
1619024103423,17477.27
1619024403207,17462.16
1619024702745,17462.97
1619025003497,17480.34
1619025302969,17478.18
1619025603551,17503.35
1619025903326,17502.7
1619026202857,17460.57
1619026503557,17469.69
1619026803497,17471.77
1619027103159,17458.670000000002
1619027402718,17477.65
1619027703415,17498.45
1619028003038,17508.29
1619028302616,17510.18
1619028603207,17504.93
1619028902938,17487.77
1619029203499,17505.61
1619029503173,17472.28
1619029802772,17512.39
1619030103442,17518.41
1619030403045,17510.4
1619030702629,17498.2
1619031003355,17498.64
1619031302999,17520.34
1619031602586,17517.260000000002
1619031903145,17531.09
1619032203235,17543.38
1619032502914,17569.440000000002
1619032802588,17583.99
1619033103269,17570.03
1619033402866,17576.79
1619033703619,17603.94
1619034003225,17580.78
1619034302897,17597.38
1619034603335,17627.29
1619034902937,17641.41
1619035203391,17630.85
1619035502892,17619.57
1619035804478,17615.11
1619036103027,17627.059999999998
1619036403285,17628.02
1619036703084,17620.55
1619037002545,17619.79
1619037303698,17618.62
1619037603356,17619.4
1619037904442,17611.57
1619038202874,17615.83
1619038503302,17616
1619038803118,17616.3
1619039102464,17617.77
1619039403022,17615.54
1619039702383,17614.05
1619040002866,17613.82
1619040303266,17614.51
1619040602596,17608.28
1619040903006,17617.07
1619041202403,17612.53
1619041502721,17611.15
1619041803830,17612.63
1619042103162,17614.07
1619042402546,17619.6
1619042702954,17614.9
1619043003309,17613.38
1619043304603,17611.84
1619043602992,17612.03
1619043903423,17614.23
1619044202984,17605.620000000003
1619044503341,17608.27
1619044802759,17603.03
1619045103310,17606.71
1619045402844,17605.31
1619045703257,17607.94
1619046002715,17608.620000000003
1619046303132,17611.36
1619046602511,17608
1619046902889,17614.760000000002
1619047203385,17615.77
1619047502766,17615.629999999997
1619047803200,17608.940000000002
1619048102751,17605.81
1619048403118,17608.65
1619048702556,17603.989999999998
1619049002982,17601.11
1619049303380,17598.21
1619049602723,17601.82
1619049903141,17600.38
1619050202539,17600.34
1619050503052,17600.1
1619050802493,17599.9
1619051102904,17600.1
1619051403411,17600.06
1619051702807,17600.06
1619052003231,17600.1
1619052302620,17600.1
1619052603021,17600.1
1619052902449,17600.38
1619078403139,17611.34
1619078702606,17598.809999999998
1619079002982,17598.29
1619079303354,17610.55
1619079602857,17604.579999999998
1619079903270,17605.85
1619080202680,17603.57
1619080503051,17625.370000000003
1619080802416,17612.85
1619081102883,17609.51
1619081403330,17599.34
1619081702727,17605.760000000002
1619082003132,17601.06
1619082302551,17590.01
1619082602936,17600.34
1619082903397,17607.21
1619083202781,17611.129999999997
1619083503166,17610.61
1619083802534,17611.11
1619084102926,17609.46
1619084403253,17611.73
1619084702734,17615.77
1619085003147,17609.45
1619085302554,17614.31
1619085603038,17625.31
1619085902464,17622.870000000003
1619086202854,17618.88
1619086503245,17618.85
1619086803199,17615.19
1619087102618,17614.91
1619087403022,17619.739999999998
1619087702396,17619.95
1619088002763,17628.27
1619088303236,17633.59
1619088602593,17626.940000000002
1619088902998,17619.129999999997
1619089202441,17609.52
1619089502866,17636.09
1619089803296,17623.35
1619090102649,17634.309999999998
1619090403115,17644.98
1619090702842,17644.760000000002
1619091003263,17646.73
1619091302700,17655.23
1619091603166,17651.059999999998
1619091902571,17652.16
1619092202955,17649.129999999997
1619092503387,17651.11
1619092802778,17642.73
1619093103222,17642.04
1619093402564,17648.670000000002
1619093702972,17654.34
1619094002418,17660.89
1619094302831,17671.57
1619094603265,17666.760000000002
1619094902653,17686.78
1619095202987,17700.190000000002
1619095503353,17697.19
1619095802810,17690.82
1619096103162,17705.71
1619096402478,17695.17
1619096703037,17671.059999999998
1619097002438,17693.18
1619097302901,17697.71
1619097603316,17702.21
1619097902761,17704.309999999998
1619098203223,17671.48
1619098503051,17770.2
1619098802436,17681.4
1619099103604,17649.28
1619099403013,17587.9
1619099702989,17595.65
1619100002390,17649.34
1619100303022,17623.29
1619100602395,17677.6
1619100903015,17640.67
1619101202477,17597.16
1619101502898,17621.629999999997
1619101802391,17659.47
1619102102856,17700.42
1619102403407,17696.940000000002
1619102702899,17700.989999999998
1619103003321,17727.37
1619103302780,17744.83
1619103603146,17738.11
1619103902606,17732.27
1619104203164,17749.82
1619104502764,17709.27
1619104803247,17689.940000000002
1619105102710,17702.059999999998
1619105403572,17704.65
1619105703039,17724.68
1619106002525,17746.489999999998
1619106302987,17739.61
1619106603366,17700.92
1619106902786,17709.02
1619107203262,17716.74
1619107502729,17685.510000000002
1619107803309,17663.9
1619108102714,17675.44
1619108403389,17687.6
1619108702795,17718.41
1619109003359,17733.61
1619109302802,17749.67
1619109603228,17762.16
1619109902802,17755.58
1619110203259,17761.9
1619110502689,17772.45
1619110803406,17783.83
1619111102859,17791.559999999998
1619111402491,17653.1
1619111703083,17585.6
1619112002491,17438.92
1619112303009,17553.18
1619112602499,17595.66
1619112903049,17577
1619113202516,17535.5
1619113503123,17396.7
1619113802621,17391.86
1619114102786,17316.21
1619114403215,17332.29
1619114702744,17307.949999999997
1619115003219,17377.510000000002
1619115302682,17408.15
1619115603238,17394.27
1619115902771,17384.03
1619116203454,17445.71
1619116503172,17437.68
1619116802635,17462.15
1619117103191,17501.07
1619117402618,17421.99
1619117703135,17419.43
1619118002624,17441.88
1619118303022,17481.98
1619118602481,17414.24
1619118903065,17403.77
1619119202674,17364.11
1619119503170,17337.12
1619119802855,17355.97
1619120103372,17400.98
1619120402862,17387.25
1619120703372,17371.63
1619121003467,17383.92
1619121302931,17370.2
1619121603310,17376.18
1619121902801,17373.29
1619122203273,17372.379999999997
1619122502819,17376.68
1619122802770,17373.35
1619123103156,17371.52
1619123402593,17371.37
1619123703073,17369.64
1619124002455,17367.07
1619124303217,17369.65
1619124602643,17366.75
1619124903074,17360.52
1619125202525,17355.43
1619125502982,17345.23
1619125803422,17336.04
1619126107867,17341.02
1619126403267,17339.94
1619126702709,17342.510000000002
1619127003051,17346.559999999998
1619127302445,17349.98
1619127602894,17359.96
1619127903339,17355.79
1619128202813,17352.32
1619128503221,17354.62
1619128802578,17352.48
1619129103043,17357.52
1619129402517,17356.78
1619129702874,17360.69
1619130002365,17369.93
1619130303081,17397.06
1619130605559,17419.47
1619130902939,17412.57
1619131202351,17432.61
1619131503135,17452.69
1619131802516,17434.71
1619132102997,17434.33
1619132402322,17423.79
1619132702743,17424.6
1619133003153,17426.64
1619133302663,17425.54
1619133603029,17430.64
1619133902430,17433.35
1619134202796,17426.52
1619134503213,17428.79
1619134802519,17403.91
1619135102969,17414.97
1619135403341,17428.25
1619135702691,17434.04
1619136003039,17424.62
1619136302376,17424.059999999998
1619136602836,17424.42
1619136903222,17424.379999999997
1619137202656,17424.46
1619137503043,17425.260000000002
1619137802396,17424.9
1619138102790,17424.940000000002
1619138425981,17424.940000000002
1619138703477,17424.940000000002
1619139002868,17424.940000000002
1619139303222,17424.940000000002
1619164802960,17387.87
1619165103335,17377.29
1619165402714,17380.51
1619165703068,17379.690000000002
1619166002469,17386
1619166302931,17392.22
1619166602330,17400.89
1619166902696,17418.01
1619167203039,17436.32
1619167502427,17417.760000000002
1619167802818,17426.42
1619168103248,17430.35
1619168402631,17434.81
1619168702970,17424.78
1619169002440,17420.07
1619169302780,17427.43
1619169603248,17427.190000000002
1619169902602,17415.17
1619170203010,17407.48
1619170502395,17406.010000000002
1619170802801,17408.56
1619171103157,17405.48
1619171402565,17405.07
1619171703045,17405.93
1619172002473,17405.56
1619172302840,17406.6
1619172603229,17424.82
1619172902599,17424.52
1619173203003,17428.38
1619173502452,17423.18
1619173802882,17430.63
1619174103360,17434.690000000002
1619174402810,17438.47
1619174703246,17442.89
1619175002622,17434.69
1619175303015,17432.15
1619175602432,17427.87
1619175902923,17444.4
1619176203265,17441.47
1619176502655,17444.83
1619176803084,17445.9
1619177102511,17441.85
1619177402855,17440.15
1619177703247,17448.81
1619178002602,17457.29
1619178302919,17460.27
1619178603297,17458.52
1619178902652,17480.870000000003
1619179203016,17480.71
1619179502354,17475.22
1619179802728,17478.27
1619180103176,17471.86
1619180402582,17475.11
1619180702984,17470.31
1619181002339,17462.04
1619181302656,17465.97
1619181603026,17466.45
1619181902404,17466.22
1619182202761,17448.23
1619182503110,17451.39
1619182802503,17445.96
1619183102879,17453.57
1619183403242,17435.92
1619183702639,17440.07
1619184003093,17429
1619184302521,17415.18
1619184603208,17468.11
1619184902681,17477.870000000003
1619185203296,17541.37
1619185502729,17552.2
1619185803289,17612.690000000002
1619186102783,17646.47
1619186403609,17658.17
1619186702514,17651.309999999998
1619187002985,17659.54
1619187302688,17696.21
1619187603104,17655.96
1619187902646,17685.41
1619188203114,17725.98
1619188502655,17737.13
1619188803093,17707.63
1619189102610,17656.86
1619189402983,17675.399999999998
1619189702647,17666.8
1619190003196,17666.78
1619190302643,17699.68
1619190603020,17674.29
1619190902621,17679.23
1619191203203,17710.21
1619191502637,17724.2
1619191803072,17736.23
1619192102818,17742.79
1619192403302,17770.440000000002
1619192702712,17750.14
1619193003137,17791.62
1619193302716,17777.79
1619193603214,17771.27
1619193902647,17752.52
1619194203031,17773.72
1619194502647,17742.77
1619194803167,17722.35
1619195102610,17729.59
1619195403166,17699.82
1619195703345,17717.24
1619196003102,17724.29
1619196303534,17739.57
1619196603266,17744.72
1619196902741,17745.61
1619197203261,17743.940000000002
1619197502679,17748.09
1619197803179,17755.38
1619198102689,17750.58
1619198403211,17758.34
1619198702733,17762.8
1619199003354,17785.66
1619199302772,17785.08
1619199603439,17789.63
1619199902867,17789.91
1619200203056,17790.24
1619200502627,17789.97
1619200803131,17798.23
1619201102744,17809.09
1619201403224,17800.54
1619201702686,17813.7
1619202003260,17770.34
1619202302740,17780.84
1619202603248,17791.98
1619202902725,17820.75
1619203203215,17809.14
1619203502830,17794.71
1619203803406,17801.86
1619204104113,17837.62
1619204403174,17839.36
1619204702629,17798.190000000002
1619205003085,17816.36
1619205302704,17831
1619205603200,17829.41
1619205902692,17842.7
1619206203177,17838.809999999998
1619206502842,17851.37
1619206803323,17853.43
1619207102909,17818.34
1619207403424,17819.17
1619207702977,17829.55
1619208002717,17818.09
1619208302737,17818.79
1619208603263,17822.39
1619208902754,17820.6
1619209203191,17823.4
1619209502641,17825.52
1619209803134,17829.29
1619210102483,17825.55
1619210403075,17825.76
1619210702564,17826.04
1619211003166,17824.68
1619211302524,17819.4
1619211602955,17850.440000000002
1619211903448,17851.35
1619212202827,17853.01
1619212503206,17850.71
1619212802647,17844.36
1619213103036,17843.08
1619213408382,17832.27
1619213702812,17835.4
1619214003232,17839.65
1619214302612,17844.3
1619214603109,17840.440000000002
1619214902488,17837.65
1619215202862,17836.09
1619215503292,17837.54
1619215802716,17831.98
1619216103130,17841.61
1619216402495,17842.71
1619216703046,17852.64
1619217002459,17849.28
1619217302912,17849.54
1619217603283,17834.06
1619217902645,17828.64
1619218203003,17851.91
1619218502453,17852.32
1619218802799,17838.81
1619219103188,17841.36
1619219402559,17841.36
1619219703004,17821.89
1619220002456,17823.32
1619220302797,17821.879999999997
1619220603279,17821.66
1619220902711,17834.03
1619221203056,17844.79
1619221502566,17846.15
1619221803029,17849.02
1619222103457,17858.19
1619222402838,17874.04
1619222703276,17874.04
1619223002771,17874.04
1619223303124,17874.04
1619223602785,17874.04
1619223903176,17874.04
1619224202606,17874.04
1619224503100,17874.04
1619224802448,17874.04
1619225102846,17874.04
1619225403255,17874.04
1619225702610,17874.04
1619424003338,17886.91
1619424302713,17935.1
1619424603033,17950.04
1619424902514,17984.49
1619425202873,17984.97
1619425503190,17963.190000000002
1619425802541,17940.39
1619426102929,17964.72
1619426403245,17959.38
1619426702653,17943.12
1619427003017,17952.43
1619427302405,17954.829999999998
1619427602857,17937.32
1619427903182,17926.12
1619428202644,17915.74
1619428502985,17912.38
1619428802335,17953.85
1619429102739,17962.6
1619429403111,17919.989999999998
1619429702411,17918.84
1619430002724,17917.71
1619430303048,17933.27
1619430602519,17945.26
1619430902818,17946.95
1619431203129,17945.66
1619431502549,17942.129999999997
1619431802934,17948.5
1619432103318,17947.62
1619432402728,17951.449999999997
1619432703066,17954.760000000002
1619433002407,17952.190000000002
1619433302853,17951.670000000002
1619433603183,17951.88
1619433902534,17947.43
1619434202908,17946.37
1619434503231,17946.25
1619434802589,17945.440000000002
1619435103037,17967.260000000002
1619435402456,17961
1619435702771,17978.93
1619436003128,17979.34
1619436302497,17990.42
1619436602844,17986.34
1619436903143,17976.86
1619437202492,17978.26
1619437502778,17992.21
1619437803196,17992.96
1619438102547,18000.74
1619438402958,18003.39
1619438703309,17982.71
1619439002705,17984.2
1619439303060,17983.66
1619439602421,17994.63
1619439902824,18000.5
1619440203168,18006.97
1619440502550,17999.5
1619440802848,18009.74
1619441103177,18012.54
1619441402601,18016.68
1619441703026,18018.97
1619442002332,18016.33
1619442302651,18025.08
1619442603023,18036.399999999998
1619442902378,18037.89
1619443202754,18032.11
1619443503136,18040.41
1619443802567,18059.54
1619444103267,18076.93
1619444402871,18094.88
1619444703227,18085.739999999998
1619445002660,18022.809999999998
1619445303150,17979.87
1619445602580,18033.87
1619445903147,18045.75
1619446202673,18043.75
1619446503302,18034.86
1619446802837,18032.34
1619447103443,18070.79
1619447402940,18085.48
1619447703349,18080.84
1619448002872,18092.05
1619448303329,18072.43
1619448602757,18057.79
1619448903226,18052.51
1619449202686,18074.69
1619449503011,18118.75
1619449802468,18100.38
1619450102904,18109.13
1619450403263,18115.29
1619450702619,18125.9
1619451003036,18132.29
1619451302501,18154.44
1619451602984,18175.42
1619451903383,18166.62
1619452202766,18131.22
1619452503165,18141.6
1619452802536,18153.15
1619453103002,18171.129999999997
1619453402535,18144.370000000003
1619453703027,18145.28
1619454002413,18156.41
1619454302820,18170.32
1619454603246,18163.29
1619454902586,18169.04
1619455202910,18180.34
1619455502514,18183.8
1619455802917,18180.06
1619456103295,18198.24
1619456402690,18208.13
1619456703078,18217.120000000003
1619457002464,18206.97
1619457302849,18223.14
1619457603379,18203.26
1619457902743,18205.489999999998
1619458203118,18199.72
1619458502545,18190.43
1619458803086,18163.14
1619459102475,18174.98
1619459402891,18192.13
1619459702409,18190.59
1619460002941,18183.96
1619460303374,18210
1619460602783,18221.75
1619460903278,18240.11
1619461202757,18241.010000000002
1619461503253,18252.05
1619461802734,18256.27
1619462103263,18259.48
1619462402597,18250.45
1619462702940,18272.68
1619463003445,18276.21
1619463302998,18277.82
1619463602485,18279.39
1619463902877,18276.54
1619464203255,18284.190000000002
1619464502670,18271.18
1619464803133,18285.61
1619465102479,18295.72
1619465402858,18235.21
1619465703248,18235.28
1619466002814,18260.46
1619466303236,18266.010000000002
1619466602615,18247.1
1619466903083,18272.66
1619467202642,18289.07
1619467503074,18287.86
1619467802499,18276.23
1619468103027,18235.84
1619468402352,18212.97
1619468702763,18229.41
1619469003252,18220.56
1619469302584,18209.73
1619469603117,18192.91
1619469902538,18215.9
1619470202884,18211.62
1619470503275,18225.89
1619470802739,18232.03
1619471103078,18228.32
1619471402796,18243.550000000003
1619471703199,18249.94
1619472002574,18251.58
1619472302857,18265.08
1619472603234,18259.9
1619472902485,18252.61
1619473202792,18262.989999999998
1619473503149,18250.239999999998
1619473802546,18272.28
1619474102954,18258.68
1619474403286,18286.55
1619474702595,18283.58
1619475002931,18284.82
1619475303366,18282.93
1619475602685,18283.07
1619475903437,18279.37
1619476202770,18281.89
1619476503109,18275.98
1619476802494,18268.53
1619477103022,18258.989999999998
1619477402325,18265.510000000002
1619477702637,18264.41
1619478003252,18253.579999999998
1619478302653,18258.11
1619478602979,18263.059999999998
1619478903353,18261.91
1619479202764,18268.33
1619479503160,18275.83
1619479802431,18258.940000000002
1619480102869,18256.61
1619480403258,18268.58
1619480702540,18269.05
1619481009555,18268.96
1619481302868,18270.77
1619481603235,18267.11
1619481902573,18265.79
1619482503215,18265.79
1619482802562,18265.79
1619483103020,18266.55
1619483402372,18266.55
1619483702761,18266.55
1619484003211,18266.55
1619484302546,18266.55
1619484602937,18266.55
1619484903277,18266.55
1619510402934,18282.64
1619510703288,18296.86
1619511002577,18326.379999999997
1619511303051,18297.19
1619511602388,18303.48
1619511902810,18316.11
1619512203143,18325.9
1619512502453,18334.11
1619512802789,18315.64
1619513103200,18313.65
1619513402582,18330.83
1619513702950,18334.04
1619514003269,18332.66
1619514302558,18330.29
1619514602899,18324.370000000003
1619514902385,18328.68
1619515202823,18333.64
1619515503190,18321.39
1619515802531,18335.84
1619516102831,18343.38
1619516403172,18345.77
1619516702524,18355.5
1619517002814,18333.96
1619517303246,18323.67
1619517602553,18352.16
1619517902856,18351.65
1619518203223,18360.13
1619518502578,18362.39
1619518802984,18359.53
1619519103328,18368.72
1619519402669,18340.85
1619519703051,18351.73
1619520002357,18338.41
1619520302763,18342.9
1619520603067,18361.48
1619520902452,18359.129999999997
1619521202830,18340.940000000002
1619521503218,18356.1
1619521802588,18353.97
1619522102937,18365.73
1619522403279,18360.15
1619522702590,18348.09
1619523002910,18355.04
1619523303230,18368.9
1619523602565,18385.62
1619523902877,18355.94
1619524203423,18373.49
1619524502830,18378.29
1619524803239,18370.42
1619525102690,18380.42
1619525403040,18370.54
1619525702377,18359.07
1619526002803,18362.65
1619526303151,18364.39
1619526602465,18351.11
1619526902851,18341.69
1619527203279,18327.739999999998
1619527504514,18327.84
1619527802980,18327.07
1619528103331,18344.13
1619528402734,18323.73
1619528703096,18300.559999999998
1619529002558,18309.18
1619529302862,18317.760000000002
1619529602347,18306.72
1619529902852,18313.82
1619530203235,18299.48
1619530502679,18279.420000000002
1619530803147,18305.370000000003
1619531102594,18174.65
1619531403041,18091.89
1619531702412,18161.77
1619532002839,18149.65
1619532303327,18178.89
1619532602734,18183.09
1619532903180,18135.98
1619533202665,18072.97
1619533503028,18110.66
1619533802490,18152.66
1619534102964,18183.19
1619534403394,18094.23
1619534702945,18114.44
1619535003427,18145.44
1619535302834,18153.920000000002
1619535603270,18153.05
1619535903232,18120.36
1619536202653,18130.18
1619536503086,18152.510000000002
1619536802498,18161.59
1619537103057,18197.79
1619537402404,18182.54
1619537702950,18191.41
1619538003440,18204.58
1619538302937,18210.3
1619538603287,18194.33
1619538902708,18207.69
1619539203174,18195.39
1619539502645,18215.84
1619539803064,18197.53
1619540102541,18221.920000000002
1619540403020,18224.11
1619540702495,18221.58
1619541003015,18196.85
1619541302380,18174.59
1619541602810,18165.12
1619541903255,18162.16
1619542202742,18157.89
1619542503142,18131.92
1619542802679,18117.65
1619543103055,18143.34
1619543402574,18142.629999999997
1619543702994,18139.829999999998
1619544002525,18146.63
1619544302927,18155.63
1619544603395,18147.85
1619544902801,18138.95
1619545203282,18143.870000000003
1619545502635,18155.9
1619545803074,18142.3
1619546102607,18157.15
1619546403124,18152.4
1619546702521,18122.82
1619547002898,18118.16
1619547303354,18131.52
1619547602854,18129.33
1619547903305,18160.22
1619548202772,18198.83
1619548503268,18241.31
1619548802699,18222.03
1619549103108,18189.09
1619549402521,18210.82
1619549702962,18203.27
1619550003371,18181.010000000002
1619550303004,18183.01
1619550602400,18159.11
1619550902910,18172.36
1619551203393,18152.18
1619551502786,18152.51
1619551803284,18141.989999999998
1619552102765,18125.65
1619552403186,18143.45
1619552702679,18148.81
1619553003200,18145.21
1619553302615,18132.14
1619553603031,18127.059999999998
1619553902418,18098.13
1619554202902,18109.78
1619554503392,18108.78
1619554802848,18116.05
1619555103263,18125.3
1619555402833,18116.85
1619555703130,18123.170000000002
1619556002737,18117.48
1619556303078,18121.800000000003
1619556602440,18126.98
1619556902835,18125.54
1619557203828,18127.02
1619557503226,18125.4
1619557802564,18120.28
1619558102936,18122.45
1619558402356,18121.7
1619558702748,18128.379999999997
1619559003060,18132.82
1619559302446,18131.44
1619559602807,18129.91
1619559903169,18141.32
1619560202571,18137.14
1619560503073,18136.64
1619560802458,18159.739999999998
1619561102906,18147.96
1619561403265,18158.53
1619561702653,18163.64
1619562002993,18161.36
1619562302447,18162.17
1619562602859,18170.68
1619562903274,18169.12
1619563202714,18166.89
1619563503256,18169.67
1619563802596,18166.629999999997
1619564102952,18162.2
1619564403378,18156.7
1619564702725,18148.48
1619565003060,18157.23
1619565302531,18156.72
1619565602933,18157.44
1619565903328,18154.28
1619566202700,18157.800000000003
1619566503049,18167.93
1619566802455,18155.66
1619567102841,18145.21
1619567403285,18145.9
1619567702670,18149.59
1619568003095,18149.79
1619568302509,18149.510000000002
1619568602931,18151.23
1619568902366,18151.03
1619569202732,18151.55
1619569503121,18151.55
1619569802436,18150.11
1619570102798,18149.83
1619570403157,18150.190000000002
1619570702587,18150.15
1619571002931,18150.190000000002
1619571303910,18150.11
1619596802754,18129.65
1619597103246,18138.56
1619597402596,18128.66
1619597702995,18119.510000000002
1619598003189,18130.41
1619598302545,18127.24
1619598602866,18126.66
1619598903360,18129.39
1619599202685,18137.79
1619599503073,18145.11
1619599802502,18142.62
1619600102862,18166.34
1619600404280,18137.42
1619600702637,18131.18
1619601003032,18122.54
1619601302363,18131.93
1619601602840,18123.739999999998
1619601903152,18121.58
1619602202794,18115.91
1619602503244,18107.21
1619602802600,18099.97
1619603102980,18099.71
1619603402399,18094.74
1619603702735,18093.07
1619604003188,18095.01
1619604302580,18101.5
1619604602972,18105.83
1619604903367,18108.28
1619605202825,18105.52
1619605503167,18112.1
1619605802636,18111.04
1619606103020,18110.16
1619606402479,18109.14
1619606702925,18116.61
1619607003288,18112.39
1619607302693,18112.89
1619607603151,18120.399999999998
1619607902520,18118.04
1619608202947,18118.56
1619608503342,18108.38
1619608802708,18118.43
1619609103032,18128.41
1619609402397,18124.71
1619609702809,18104.09
1619610003193,18091.97
1619610302509,18089.52
1619610602950,18090.11
1619610903422,18086.43
1619611202772,18084.54
1619611503143,18072.79
1619611802516,18076.809999999998
1619612102878,18078.66
1619612403247,18074.489999999998
1619612702557,18067.260000000002
1619613002945,18060.39
1619613303293,18038.68
1619613602601,18051.690000000002
1619613902882,18060.690000000002
1619614203367,18067.8
1619614502756,18067.440000000002
1619614803100,18074.89
1619615102510,18067.510000000002
1619615402932,18065.47
1619615703356,18063.97
1619616002814,18051.2
1619616303215,18067.25
1619616602698,18003.489999999998
1619616903180,17946.62
1619617202839,17933.43
1619617503288,18000.96
1619617802800,18007.75
1619618103231,18014.07
1619618402791,18051.79
1619618703194,18056.82
1619619002574,18067.56
1619619302990,18058.35
1619619602517,18068.67
1619619902936,18066.32
1619620203352,18043.52
1619620502812,17996.47
1619620803252,17983.52
1619621102775,18010.55
1619621403194,18002.91
1619621702732,18041.79
1619622003246,18041.68
1619622302811,17998.27
1619622603374,18003.61
1619622902812,17980.22
1619623203433,17971.829999999998
1619623502900,17981.23
1619623803314,17999.27
1619624102812,18019.3
1619624403427,18027.1
1619624702861,18012.63
1619625003328,17995.02
1619625302748,18008.35
1619625603223,18014.16
1619625902787,18012.33
1619626203157,18009.11
1619626502603,18007.53
1619626803110,18015.059999999998
1619627102722,18005.260000000002
1619627403270,18019.03
1619627703335,18023.83
1619628002759,18038.65
1619628303243,18025.35
1619628602757,18053.07
1619628903218,18042.75
1619629202642,18048.489999999998
1619629503086,18047.81
1619629802646,18067.6
1619630103074,18078.46
1619630402555,18090.37
1619630703008,18082.36
1619631003407,18097.01
1619631302817,18088.1
1619631603528,18093.77
1619631903025,18085.61
1619632202511,18100.11
1619632502908,18059.05
1619632803398,18052.309999999998
1619633102812,18077.43
1619633403315,18094.69
1619633702851,18126.07
1619634003299,18124.08
1619634302868,18115.79
1619634602498,18110.489999999998
1619634902935,18087.57
1619635202504,18168.079999999998
1619635502922,18175.09
1619635803487,18168.34
1619636102522,18173.62
1619636403064,18170.33
1619636702613,18150.760000000002
1619637002979,18147.22
1619637303417,18086.829999999998
1619637602874,18087.5
1619637903309,18078.47
1619638203001,18115.379999999997
1619638502698,18092.19
1619638803607,18122.95
1619639103182,18132.120000000003
1619639402746,18112.37
1619639703162,18079.059999999998
1619640003171,18090.239999999998
1619640302943,18091.739999999998
1619640602482,18097.03
1619640903119,18084.41
1619641202639,18070.489999999998
1619641503093,18066.91
1619641802647,18068.3
1619642104254,18087.75
1619642402749,18084.02
1619642703170,18095.09
1619643002621,18095.41
1619643303026,18091.48
1619643602535,18090.11
1619643902951,18089.38
1619644203295,18089.239999999998
1619644502870,18085.88
1619644803368,18086.63
1619645102688,18085.7
1619645403187,18076.5
1619645702491,18079.33
1619646002844,18078.14
1619646303340,18080.11
1619646602796,18085.72
1619646903212,18083.16
1619647202650,18084.58
1619647502603,18082.5
1619647803042,18073.63
1619648102979,18085.86
1619648402339,18088.17
1619648702661,18087.06
1619649003094,18087.92
1619649302481,18085.399999999998
1619649602847,18083.25
1619649903144,18085.3
1619650202569,18081.21
1619650502970,18086.43
1619650803355,18090.21
1619651102681,18091.72
1619651403122,18093.82
1619651702550,18093.16
1619652002955,18093.45
1619652303300,18093.36
1619652602642,18087.73
1619652903066,18092.64
1619653202510,18089.49
1619653503205,18084.3
1619653802653,18098.48
1619655422967,18105.07
1619655541262,18105.07
1619655565703,18105.27
1619655617217,18105.47
1619655632803,18105.47
1619655689140,18105.47
1619655746534,18105.47
1619655794365,18105.47
1619655821473,18105.47
1619655840694,18105.47
1619655897351,18105.47
1619655913751,18105.47
1619655940133,18105.47
1619656028399,18105.47
1619656122776,18105.43
1619656380898,18105.27
1619656416211,18105.31
1619656432282,18105.31
1619656452132,18105.31
1619656478019,18105.31
1619656502474,18105.27
1619656602610,18105.27
1619657358114,18105.27
1619657533804,18105.27
1619657933088,18105.47
1619657948446,18105.47
1619657988795,18105.71
1619658111063,18105.27
1619658210292,18105.71
1619658425051,18105.71
1619658453988,18105.71
1619658517037,18105.75
1619658598792,18105.83
1619658623392,18105.79
1619658709841,18105.79
1619660668304,18107.63
